{
    "file_y": 64, 
    "n_files": 1024, 
    "file_shape": [
        1, 
        64, 
        64
    ], 
    "file_z": 1, 
    "seconds": 43.993113327026364, 
    "tile_shape": [
        1, 
        32, 
        32
    ], 
    "file_x": 64, 
    "trials": [
        87.15914726257324, 
        76.31435585021973, 
        73.82582497596741, 
        72.91202306747437, 
        74.18179178237915, 
        78.60576939582825, 
        70.28415155410767, 
        26.062150478363037, 
        26.277477979660034, 
        27.02613925933838, 
        26.896212100982666, 
        26.381088495254517, 
        26.704426288604736, 
        26.59497094154358, 
        26.662583112716675, 
        26.160978317260742, 
        26.999522924423218, 
        27.38508129119873, 
        26.234615802764893, 
        27.193955659866333
    ], 
    "mbps": 5.819092595175142, 
    "full_shape": [
        1, 
        2048, 
        2048
    ], 
    "msg": "***********************\nLoaded all 1024 files of [1L, 64L, 64L]px\nin blocks of [1L, 32L, 32L]px at 5.8Mbps\n", 
    "tile_z": 1, 
    "tile_y": 32, 
    "tile_x": 32
}