{
    "file_y": 32, 
    "n_files": 4096, 
    "file_shape": [
        1, 
        32, 
        32
    ], 
    "file_z": 1, 
    "seconds": 39.63858802318573, 
    "tile_shape": [
        1, 
        32, 
        32
    ], 
    "file_x": 32, 
    "trials": [
        63.70629692077637, 
        61.30787181854248, 
        57.84908103942871, 
        43.04010725021362, 
        35.206878662109375, 
        34.96239256858826, 
        34.812392473220825, 
        36.40849757194519, 
        35.99631929397583, 
        35.379762172698975, 
        35.26974105834961, 
        35.66828012466431, 
        35.23007583618164, 
        35.649197816848755, 
        36.236841678619385, 
        35.46138834953308, 
        35.4681453704834, 
        35.03688144683838, 
        35.2166588306427, 
        34.86495018005371
    ], 
    "mbps": 6.458353154513434, 
    "full_shape": [
        1, 
        2048, 
        2048
    ], 
    "msg": "***********************\nLoaded all 4096 files of [1L, 32L, 32L]px\nin blocks of [1L, 32L, 32L]px at 6.5Mbps\n", 
    "tile_z": 1, 
    "tile_y": 32, 
    "tile_x": 32
}