{
    "file_y": 256, 
    "n_files": 64, 
    "file_shape": [
        1, 
        256, 
        256
    ], 
    "file_z": 1, 
    "seconds": 53.388577342033386, 
    "tile_shape": [
        1, 
        32, 
        32
    ], 
    "file_x": 256, 
    "trials": [
        46.86602282524109, 
        50.243391275405884, 
        58.273515939712524, 
        51.43965697288513, 
        46.76033568382263, 
        60.8574800491333, 
        46.64500546455383, 
        63.56111145019531, 
        55.89938449859619, 
        45.734193563461304, 
        72.30464696884155, 
        56.533647775650024, 
        56.04522514343262, 
        58.430912494659424, 
        40.908623456954956, 
        49.5371572971344, 
        54.07933235168457, 
        52.99193859100342, 
        49.37912321090698, 
        51.28084182739258
    ], 
    "mbps": 4.79503318397002, 
    "full_shape": [
        1, 
        2048, 
        2048
    ], 
    "msg": "***********************\nLoaded all 64 files of [1L, 256L, 256L]px\nin blocks of [1L, 32L, 32L]px at 4.8Mbps\n", 
    "tile_z": 1, 
    "tile_y": 32, 
    "tile_x": 32
}