{
    "file_y": 1024, 
    "n_files": 4, 
    "file_shape": [
        1, 
        1024, 
        1024
    ], 
    "file_z": 1, 
    "seconds": 57.37469335794449, 
    "tile_shape": [
        1, 
        32, 
        32
    ], 
    "file_x": 1024, 
    "trials": [
        57.00722360610962, 
        56.74313974380493, 
        62.53071904182434, 
        60.11701798439026, 
        63.90354585647583, 
        71.75093483924866, 
        54.50896096229553, 
        53.35901594161987, 
        66.93561148643494, 
        51.84865665435791, 
        61.62419939041138, 
        55.07851195335388, 
        61.58366942405701, 
        56.51094126701355, 
        50.6511287689209, 
        66.63339686393738, 
        54.94347262382507, 
        51.56870627403259, 
        59.491138219833374, 
        30.70387625694275
    ], 
    "mbps": 4.461897485061722, 
    "full_shape": [
        1, 
        2048, 
        2048
    ], 
    "msg": "***********************\nLoaded all 4 files of [1L, 1024L, 1024L]px\nin blocks of [1L, 32L, 32L]px at 4.5Mbps\n", 
    "tile_z": 1, 
    "tile_y": 32, 
    "tile_x": 32
}