{
    "file_y": 128, 
    "n_files": 256, 
    "file_shape": [
        1, 
        128, 
        128
    ], 
    "file_z": 1, 
    "seconds": 37.18004188537598, 
    "tile_shape": [
        1, 
        32, 
        32
    ], 
    "file_x": 128, 
    "trials": [
        34.694467067718506, 
        35.988415002822876, 
        35.32234740257263, 
        35.856751918792725, 
        40.10458588600159, 
        37.31860041618347, 
        37.9299054145813, 
        37.103679895401, 
        37.89401841163635, 
        42.05114769935608, 
        37.536641120910645, 
        37.65348958969116, 
        36.217077016830444, 
        37.04980802536011, 
        39.614155769348145, 
        39.25961446762085, 
        37.13452219963074, 
        35.12695860862732, 
        29.17026662826538, 
        40.57438516616821
    ], 
    "mbps": 6.885414513228197, 
    "full_shape": [
        1, 
        2048, 
        2048
    ], 
    "msg": "***********************\nLoaded all 256 files of [1L, 128L, 128L]px\nin blocks of [1L, 32L, 32L]px at 6.9Mbps\n", 
    "tile_z": 1, 
    "tile_y": 32, 
    "tile_x": 32
}