{
    "file_y": 2048, 
    "n_files": 1, 
    "file_shape": [
        1, 
        2048, 
        2048
    ], 
    "file_z": 1, 
    "seconds": 55.71694362163544, 
    "tile_shape": [
        1, 
        32, 
        32
    ], 
    "file_x": 2048, 
    "trials": [
        49.23330116271973, 
        49.84894394874573, 
        57.51554775238037, 
        59.80904173851013, 
        47.44841694831848, 
        56.84341907501221, 
        58.203967809677124, 
        60.37201690673828, 
        57.684375047683716, 
        56.284929513931274, 
        50.42445254325867, 
        55.40454411506653, 
        59.29718637466431, 
        57.40135431289673, 
        58.79701113700867, 
        56.12692856788635, 
        60.872522592544556, 
        63.173333168029785, 
        47.928207874298096, 
        51.66937184333801
    ], 
    "mbps": 4.594652602239881, 
    "full_shape": [
        1, 
        2048, 
        2048
    ], 
    "msg": "***********************\nLoaded all 1 files of [1L, 2048L, 2048L]px\nin blocks of [1L, 32L, 32L]px at 4.6Mbps\n", 
    "tile_z": 1, 
    "tile_y": 32, 
    "tile_x": 32
}