{
    "file_y": 512, 
    "n_files": 16, 
    "file_shape": [
        1, 
        512, 
        512
    ], 
    "file_z": 1, 
    "seconds": 37.546370244026186, 
    "tile_shape": [
        1, 
        32, 
        32
    ], 
    "file_x": 512, 
    "trials": [
        34.8738431930542, 
        36.58866357803345, 
        35.65850830078125, 
        35.58880639076233, 
        37.77579045295715, 
        39.51505756378174, 
        37.605552196502686, 
        36.82497954368591, 
        39.58515000343323, 
        39.6310830116272, 
        39.756370306015015, 
        39.28072810173035, 
        36.49836325645447, 
        37.70545506477356, 
        36.53109431266785, 
        36.79794430732727, 
        40.248206615448, 
        38.092041969299316, 
        35.96569323539734, 
        36.40407347679138
    ], 
    "mbps": 6.818235646646319, 
    "full_shape": [
        1, 
        2048, 
        2048
    ], 
    "msg": "***********************\nLoaded all 16 files of [1L, 512L, 512L]px\nin blocks of [1L, 32L, 32L]px at 6.8Mbps\n", 
    "tile_z": 1, 
    "tile_y": 32, 
    "tile_x": 32
}